{"cameraMode":{"drawMode":0,"name":"Shaded","section":"Shading Mode"},"sceneLighting":false,"audioPlay":false,"sceneViewState":{"m_AlwaysRefresh":false,"showFog":true,"showSkybox":false,"showFlares":true,"showImageEffects":true,"showParticleSystems":true,"showVisualEffectGraphs":true,"m_FxEnabled":true},"in2DMode":false,"pivot":{"x":-0.015674829483032228,"y":0.014076326042413712,"z":0.27559325098991396},"rotation":{"x":0.00016188442532438785,"y":-0.9995360970497131,"z":0.029995130375027658,"w":0.005396030843257904},"size":0.40125101804733279,"orthographic":true}