{"cameraMode":{"drawMode":0,"name":"Shaded","section":"Shading Mode"},"sceneLighting":true,"audioPlay":false,"sceneViewState":{"m_AlwaysRefresh":false,"showFog":true,"showSkybox":true,"showFlares":true,"showImageEffects":true,"showParticleSystems":true,"showVisualEffectGraphs":true,"m_FxEnabled":true},"in2DMode":false,"pivot":{"x":-307.9702453613281,"y":-3.8750829696655275,"z":-174.4302978515625},"rotation":{"x":-0.0022871580440551044,"y":0.9078966975212097,"z":0.0048921010456979279,"w":0.4192340672016144},"size":31.687955856323243,"orthographic":true}