{"cameraMode":{"drawMode":0,"name":"Shaded","section":"Shading Mode"},"sceneLighting":true,"audioPlay":false,"sceneViewState":{"m_AlwaysRefresh":false,"showFog":true,"showSkybox":true,"showFlares":true,"showImageEffects":true,"showParticleSystems":true,"showVisualEffectGraphs":true,"m_FxEnabled":true},"in2DMode":false,"pivot":{"x":204.12054443359376,"y":50.000022888183597,"z":0.00000762939453125},"rotation":{"x":-0.030841005966067315,"y":-0.9691468477249146,"z":0.17035424709320069,"w":-0.1754564493894577},"size":176.10806274414063,"orthographic":true}